Nanoparticle;480
24hrs: TiO2 NP10+ 18µg ;1
24hrs: TiO2 NP10.5 18µg ;1
24hrs: TiO2 NP 54µg ;1
24hrs: TiO2 NP10+ 54µg ;1
24hrs: TiO2 NP38 18µg ;1
24hrs: TiO2 NP10 162µg ;1
24hrs: TiO2 NP10+ 162µg ;1
24hrs: TiO2 NP10.5 162µg ;1
28 Days: TiO2 NP10 18µg ;1
28 Days: TiO2 NP10+ 18µg ;1
28 Days: TiO2 NP10.5 18µg ;1
24hrs: TiO2 NP38 162µg ;1
28 Days: TiO2 NP20.6 18 µg ;1
28 Days: TiO2 NP10 54µg ;1
28 Days: TiO2 NP10+ 54µg ;0
28 Days: TiO2 NP10.5 54µg ;1
24hrs: TiO2 NP20.6 54 µg ;1
28 Days: TiO2 NP20.6 54 µg ;1
28 Days: TiO2  NP10 162µg ;1
28 Days: TiO2 NP10+ 162µg ;1
28 Days: TiO2 NP38 54µg ;1
24hrs: TiO2 NP20.6 162 µg ;1
28 Days: TiO2 NP20.6 162 µg ;1
28 Days: TiO2 NP38 162µg ;1
